"KUNTANRO";"KUNTANIMIFI";"KUNTANIMISV";"KUNTAMUOTO";"KIELISYYS";"VAALIPIIRINRO";"VAALIPIIRIFI";"VAALIPIIRISV";"MAAKUNTANRO";"MAAKUNTANIMIFI";"MAAKUNTANIMISV"
"005";"Alajärvi";"Alajärvi";"Kaupunki";"suomi";10;"Vaasan vaalipiiri";"Vasa valkrets";13;"Etelä-Pohjanmaa";"Södra Österbotten"
"009";"Alavieska";"Alavieska";"Kunta";"suomi";12;"Oulun vaalipiiri";"Uleåborgs valkrets";16;"Pohjois-Pohjanmaa";"Norra Österbotten"
"010";"Alavus";"Alavo";"Kaupunki";"suomi";10;"Vaasan vaalipiiri";"Vasa valkrets";13;"Etelä-Pohjanmaa";"Södra Österbotten"
"016";"Asikkala";"Asikkala";"Kunta";"suomi";6;"Hämeen vaalipiiri";"Tavastlands valkrets";6;"Päijät-Häme";"Päijänne-Tavastland"
"018";"Askola";"Askola";"Kunta";"suomi";2;"Uudenmaan vaalipiiri";"Nylands valkrets";1;"Uusimaa";"Nyland"
"019";"Aura";"Aura";"Kunta";"suomi";3;"Varsinais-Suomen vaalipiiri";"Egentliga Finlands valkrets";2;"Varsinais-Suomi";"Egentliga Finland"
"020";"Akaa";"Akas";"Kaupunki";"suomi";7;"Pirkanmaan vaalipiiri";"Birkalands valkrets";5;"Pirkanmaa";"Birkaland"
"035";"Brändö";"Brändö";"Kunta";"ruotsi";5;"Ahvenanmaan maakunnan vaalipiiri";"Landskapet Ålands valkrets";19;"Ahvenanmaa";"Åland"
"043";"Eckerö";"Eckerö";"Kunta";"ruotsi";5;"Ahvenanmaan maakunnan vaalipiiri";"Landskapet Ålands valkrets";19;"Ahvenanmaa";"Åland"
"046";"Enonkoski";"Enonkoski";"Kunta";"suomi";8;"Kaakkois-Suomen vaalipiiri";"Sydöstra Finlands valkrets";9;"Etelä-Savo";"Södra Savolax"
"047";"Enontekiö";"Enontekis";"Kunta";"suomi";13;"Lapin vaalipiiri";"Lapplands valkrets";18;"Lappi";"Lappland"
"049";"Espoo";"Esbo";"Kaupunki";"suomi - ruotsi";2;"Uudenmaan vaalipiiri";"Nylands valkrets";1;"Uusimaa";"Nyland"
"050";"Eura";"Eura";"Kunta";"suomi";4;"Satakunnan vaalipiiri";"Satakunta valkrets";3;"Satakunta";"Satakunta"
"051";"Eurajoki";"Euraåminne";"Kunta";"suomi";4;"Satakunnan vaalipiiri";"Satakunta valkrets";3;"Satakunta";"Satakunta"
"052";"Evijärvi";"Evijärvi";"Kunta";"suomi";10;"Vaasan vaalipiiri";"Vasa valkrets";13;"Etelä-Pohjanmaa";"Södra Österbotten"
"060";"Finström";"Finström";"Kunta";"ruotsi";5;"Ahvenanmaan maakunnan vaalipiiri";"Landskapet Ålands valkrets";19;"Ahvenanmaa";"Åland"
"061";"Forssa";"Forssa";"Kaupunki";"suomi";6;"Hämeen vaalipiiri";"Tavastlands valkrets";4;"Kanta-Häme";"Egentliga Tavastland"
"062";"Föglö";"Föglö";"Kunta";"ruotsi";5;"Ahvenanmaan maakunnan vaalipiiri";"Landskapet Ålands valkrets";19;"Ahvenanmaa";"Åland"
"065";"Geta";"Geta";"Kunta";"ruotsi";5;"Ahvenanmaan maakunnan vaalipiiri";"Landskapet Ålands valkrets";19;"Ahvenanmaa";"Åland"
"069";"Haapajärvi";"Haapajärvi";"Kaupunki";"suomi";12;"Oulun vaalipiiri";"Uleåborgs valkrets";16;"Pohjois-Pohjanmaa";"Norra Österbotten"
"071";"Haapavesi";"Haapavesi";"Kaupunki";"suomi";12;"Oulun vaalipiiri";"Uleåborgs valkrets";16;"Pohjois-Pohjanmaa";"Norra Österbotten"
"072";"Hailuoto";"Karlö";"Kunta";"suomi";12;"Oulun vaalipiiri";"Uleåborgs valkrets";16;"Pohjois-Pohjanmaa";"Norra Österbotten"
"074";"Halsua";"Halso";"Kunta";"suomi";10;"Vaasan vaalipiiri";"Vasa valkrets";15;"Keski-Pohjanmaa";"Mellersta Österbotten"
"075";"Hamina";"Fredrikshamn";"Kaupunki";"suomi";8;"Kaakkois-Suomen vaalipiiri";"Sydöstra Finlands valkrets";7;"Kymenlaakso";"Kymmenedalen"
"076";"Hammarland";"Hammarland";"Kunta";"ruotsi";5;"Ahvenanmaan maakunnan vaalipiiri";"Landskapet Ålands valkrets";19;"Ahvenanmaa";"Åland"
"077";"Hankasalmi";"Hankasalmi";"Kunta";"suomi";11;"Keski-Suomen vaalipiiri";"Mellersta Finlands valkrets";12;"Keski-Suomi";"Mellersta Finland"
"078";"Hanko";"Hangö";"Kaupunki";"suomi - ruotsi";2;"Uudenmaan vaalipiiri";"Nylands valkrets";1;"Uusimaa";"Nyland"
"079";"Harjavalta";"Harjavalta";"Kaupunki";"suomi";4;"Satakunnan vaalipiiri";"Satakunta valkrets";3;"Satakunta";"Satakunta"
"081";"Hartola";"Gustav Adolfs";"Kunta";"suomi";6;"Hämeen vaalipiiri";"Tavastlands valkrets";6;"Päijät-Häme";"Päijänne-Tavastland"
"082";"Hattula";"Hattula";"Kunta";"suomi";6;"Hämeen vaalipiiri";"Tavastlands valkrets";4;"Kanta-Häme";"Egentliga Tavastland"
"086";"Hausjärvi";"Hausjärvi";"Kunta";"suomi";6;"Hämeen vaalipiiri";"Tavastlands valkrets";4;"Kanta-Häme";"Egentliga Tavastland"
"090";"Heinävesi";"Heinävesi";"Kunta";"suomi";9;"Savo-Karjalan vaalipiiri";"Savolax-Karelens valkrets";11;"Pohjois-Karjala";"Norra Karelen"
"091";"Helsinki";"Helsingfors";"Kaupunki";"suomi - ruotsi";1;"Helsingin vaalipiiri";"Helsingfors valkrets";1;"Uusimaa";"Nyland"
"092";"Vantaa";"Vanda";"Kaupunki";"suomi - ruotsi";2;"Uudenmaan vaalipiiri";"Nylands valkrets";1;"Uusimaa";"Nyland"
"097";"Hirvensalmi";"Hirvensalmi";"Kunta";"suomi";8;"Kaakkois-Suomen vaalipiiri";"Sydöstra Finlands valkrets";9;"Etelä-Savo";"Södra Savolax"
"098";"Hollola";"Hollola";"Kunta";"suomi";6;"Hämeen vaalipiiri";"Tavastlands valkrets";6;"Päijät-Häme";"Päijänne-Tavastland"
"102";"Huittinen";"Vittis";"Kaupunki";"suomi";4;"Satakunnan vaalipiiri";"Satakunta valkrets";3;"Satakunta";"Satakunta"
"103";"Humppila";"Humppila";"Kunta";"suomi";6;"Hämeen vaalipiiri";"Tavastlands valkrets";4;"Kanta-Häme";"Egentliga Tavastland"
"105";"Hyrynsalmi";"Hyrynsalmi";"Kunta";"suomi";12;"Oulun vaalipiiri";"Uleåborgs valkrets";17;"Kainuu";"Kajanaland"
"106";"Hyvinkää";"Hyvinge";"Kaupunki";"suomi";2;"Uudenmaan vaalipiiri";"Nylands valkrets";1;"Uusimaa";"Nyland"
"108";"Hämeenkyrö";"Tavastkyro";"Kunta";"suomi";7;"Pirkanmaan vaalipiiri";"Birkalands valkrets";5;"Pirkanmaa";"Birkaland"
"109";"Hämeenlinna";"Tavastehus";"Kaupunki";"suomi";6;"Hämeen vaalipiiri";"Tavastlands valkrets";4;"Kanta-Häme";"Egentliga Tavastland"
"111";"Heinola";"Heinola";"Kaupunki";"suomi";6;"Hämeen vaalipiiri";"Tavastlands valkrets";6;"Päijät-Häme";"Päijänne-Tavastland"
"139";"Ii";"Ijo";"Kunta";"suomi";12;"Oulun vaalipiiri";"Uleåborgs valkrets";16;"Pohjois-Pohjanmaa";"Norra Österbotten"
"140";"Iisalmi";"Idensalmi";"Kaupunki";"suomi";9;"Savo-Karjalan vaalipiiri";"Savolax-Karelens valkrets";10;"Pohjois-Savo";"Norra Savolax"
"142";"Iitti";"Itis";"Kunta";"suomi";6;"Hämeen vaalipiiri";"Tavastlands valkrets";6;"Päijät-Häme";"Päijänne-Tavastland"
"143";"Ikaalinen";"Ikalis";"Kaupunki";"suomi";7;"Pirkanmaan vaalipiiri";"Birkalands valkrets";5;"Pirkanmaa";"Birkaland"
"145";"Ilmajoki";"Ilmola";"Kunta";"suomi";10;"Vaasan vaalipiiri";"Vasa valkrets";13;"Etelä-Pohjanmaa";"Södra Österbotten"
"146";"Ilomantsi";"Ilomants";"Kunta";"suomi";9;"Savo-Karjalan vaalipiiri";"Savolax-Karelens valkrets";11;"Pohjois-Karjala";"Norra Karelen"
"148";"Inari";"Enare";"Kunta";"suomi";13;"Lapin vaalipiiri";"Lapplands valkrets";18;"Lappi";"Lappland"
"149";"Inkoo";"Ingå";"Kunta";"ruotsi - suomi";2;"Uudenmaan vaalipiiri";"Nylands valkrets";1;"Uusimaa";"Nyland"
"151";"Isojoki";"Storå";"Kunta";"suomi";10;"Vaasan vaalipiiri";"Vasa valkrets";13;"Etelä-Pohjanmaa";"Södra Österbotten"
"152";"Isokyrö";"Storkyro";"Kunta";"suomi";10;"Vaasan vaalipiiri";"Vasa valkrets";13;"Etelä-Pohjanmaa";"Södra Österbotten"
"153";"Imatra";"Imatra";"Kaupunki";"suomi";8;"Kaakkois-Suomen vaalipiiri";"Sydöstra Finlands valkrets";8;"Etelä-Karjala";"Södra Karelen"
"165";"Janakkala";"Janakkala";"Kunta";"suomi";6;"Hämeen vaalipiiri";"Tavastlands valkrets";4;"Kanta-Häme";"Egentliga Tavastland"
"167";"Joensuu";"Joensuu";"Kaupunki";"suomi";9;"Savo-Karjalan vaalipiiri";"Savolax-Karelens valkrets";11;"Pohjois-Karjala";"Norra Karelen"
"169";"Jokioinen";"Jockis";"Kunta";"suomi";6;"Hämeen vaalipiiri";"Tavastlands valkrets";4;"Kanta-Häme";"Egentliga Tavastland"
"170";"Jomala";"Jomala";"Kunta";"ruotsi";5;"Ahvenanmaan maakunnan vaalipiiri";"Landskapet Ålands valkrets";19;"Ahvenanmaa";"Åland"
"171";"Joroinen";"Jorois";"Kunta";"suomi";9;"Savo-Karjalan vaalipiiri";"Savolax-Karelens valkrets";10;"Pohjois-Savo";"Norra Savolax"
"172";"Joutsa";"Joutsa";"Kunta";"suomi";11;"Keski-Suomen vaalipiiri";"Mellersta Finlands valkrets";12;"Keski-Suomi";"Mellersta Finland"
"176";"Juuka";"Juga";"Kunta";"suomi";9;"Savo-Karjalan vaalipiiri";"Savolax-Karelens valkrets";11;"Pohjois-Karjala";"Norra Karelen"
"177";"Juupajoki";"Juupajoki";"Kunta";"suomi";7;"Pirkanmaan vaalipiiri";"Birkalands valkrets";5;"Pirkanmaa";"Birkaland"
"178";"Juva";"Juva";"Kunta";"suomi";8;"Kaakkois-Suomen vaalipiiri";"Sydöstra Finlands valkrets";9;"Etelä-Savo";"Södra Savolax"
"179";"Jyväskylä";"Jyväskylä";"Kaupunki";"suomi";11;"Keski-Suomen vaalipiiri";"Mellersta Finlands valkrets";12;"Keski-Suomi";"Mellersta Finland"
"181";"Jämijärvi";"Jämijärvi";"Kunta";"suomi";4;"Satakunnan vaalipiiri";"Satakunta valkrets";3;"Satakunta";"Satakunta"
"182";"Jämsä";"Jämsä";"Kaupunki";"suomi";11;"Keski-Suomen vaalipiiri";"Mellersta Finlands valkrets";12;"Keski-Suomi";"Mellersta Finland"
"186";"Järvenpää";"Träskända";"Kaupunki";"suomi";2;"Uudenmaan vaalipiiri";"Nylands valkrets";1;"Uusimaa";"Nyland"
"202";"Kaarina";"S:t Karins";"Kaupunki";"suomi";3;"Varsinais-Suomen vaalipiiri";"Egentliga Finlands valkrets";2;"Varsinais-Suomi";"Egentliga Finland"
"204";"Kaavi";"Kaavi";"Kunta";"suomi";9;"Savo-Karjalan vaalipiiri";"Savolax-Karelens valkrets";10;"Pohjois-Savo";"Norra Savolax"
"205";"Kajaani";"Kajana";"Kaupunki";"suomi";12;"Oulun vaalipiiri";"Uleåborgs valkrets";17;"Kainuu";"Kajanaland"
"208";"Kalajoki";"Kalajoki";"Kaupunki";"suomi";12;"Oulun vaalipiiri";"Uleåborgs valkrets";16;"Pohjois-Pohjanmaa";"Norra Österbotten"
"211";"Kangasala";"Kangasala";"Kunta";"suomi";7;"Pirkanmaan vaalipiiri";"Birkalands valkrets";5;"Pirkanmaa";"Birkaland"
"213";"Kangasniemi";"Kangasniemi";"Kunta";"suomi";8;"Kaakkois-Suomen vaalipiiri";"Sydöstra Finlands valkrets";9;"Etelä-Savo";"Södra Savolax"
"214";"Kankaanpää";"Kankaanpää";"Kaupunki";"suomi";4;"Satakunnan vaalipiiri";"Satakunta valkrets";3;"Satakunta";"Satakunta"
"216";"Kannonkoski";"Kannonkoski";"Kunta";"suomi";11;"Keski-Suomen vaalipiiri";"Mellersta Finlands valkrets";12;"Keski-Suomi";"Mellersta Finland"
"217";"Kannus";"Kannus";"Kaupunki";"suomi";10;"Vaasan vaalipiiri";"Vasa valkrets";15;"Keski-Pohjanmaa";"Mellersta Österbotten"
"218";"Karijoki";"Bötom";"Kunta";"suomi";10;"Vaasan vaalipiiri";"Vasa valkrets";13;"Etelä-Pohjanmaa";"Södra Österbotten"
"224";"Karkkila";"Högfors";"Kaupunki";"suomi - ruotsi";2;"Uudenmaan vaalipiiri";"Nylands valkrets";1;"Uusimaa";"Nyland"
"226";"Karstula";"Karstula";"Kunta";"suomi";11;"Keski-Suomen vaalipiiri";"Mellersta Finlands valkrets";12;"Keski-Suomi";"Mellersta Finland"
"230";"Karvia";"Karvia";"Kunta";"suomi";4;"Satakunnan vaalipiiri";"Satakunta valkrets";3;"Satakunta";"Satakunta"
"231";"Kaskinen";"Kaskö";"Kaupunki";"suomi - ruotsi";10;"Vaasan vaalipiiri";"Vasa valkrets";14;"Pohjanmaa";"Österbotten"
"232";"Kauhajoki";"Kauhajoki";"Kaupunki";"suomi";10;"Vaasan vaalipiiri";"Vasa valkrets";13;"Etelä-Pohjanmaa";"Södra Österbotten"
"233";"Kauhava";"Kauhava";"Kaupunki";"suomi";10;"Vaasan vaalipiiri";"Vasa valkrets";13;"Etelä-Pohjanmaa";"Södra Österbotten"
"235";"Kauniainen";"Grankulla";"Kaupunki";"suomi";2;"Uudenmaan vaalipiiri";"Nylands valkrets";1;"Uusimaa";"Nyland"
"236";"Kaustinen";"Kaustby";"Kunta";"suomi";10;"Vaasan vaalipiiri";"Vasa valkrets";15;"Keski-Pohjanmaa";"Mellersta Österbotten"
"239";"Keitele";"Keitele";"Kunta";"suomi";9;"Savo-Karjalan vaalipiiri";"Savolax-Karelens valkrets";10;"Pohjois-Savo";"Norra Savolax"
"240";"Kemi";"Kemi";"Kaupunki";"suomi";13;"Lapin vaalipiiri";"Lapplands valkrets";18;"Lappi";"Lappland"
"241";"Keminmaa";"Keminmaa";"Kunta";"suomi";13;"Lapin vaalipiiri";"Lapplands valkrets";18;"Lappi";"Lappland"
"244";"Kempele";"Kempele";"Kunta";"suomi";12;"Oulun vaalipiiri";"Uleåborgs valkrets";16;"Pohjois-Pohjanmaa";"Norra Österbotten"
"245";"Kerava";"Kervo";"Kaupunki";"suomi";2;"Uudenmaan vaalipiiri";"Nylands valkrets";1;"Uusimaa";"Nyland"
"249";"Keuruu";"Keuru";"Kaupunki";"suomi - ruotsi";11;"Keski-Suomen vaalipiiri";"Mellersta Finlands valkrets";12;"Keski-Suomi";"Mellersta Finland"
"250";"Kihniö";"Kihniö";"Kunta";"suomi";7;"Pirkanmaan vaalipiiri";"Birkalands valkrets";5;"Pirkanmaa";"Birkaland"
"256";"Kinnula";"Kinnula";"Kunta";"suomi";11;"Keski-Suomen vaalipiiri";"Mellersta Finlands valkrets";12;"Keski-Suomi";"Mellersta Finland"
"257";"Kirkkonummi";"Kyrkslätt";"Kunta";"suomi";2;"Uudenmaan vaalipiiri";"Nylands valkrets";1;"Uusimaa";"Nyland"
"260";"Kitee";"Kides";"Kaupunki";"suomi";9;"Savo-Karjalan vaalipiiri";"Savolax-Karelens valkrets";11;"Pohjois-Karjala";"Norra Karelen"
"261";"Kittilä";"Kittilä";"Kunta";"suomi";13;"Lapin vaalipiiri";"Lapplands valkrets";18;"Lappi";"Lappland"
"263";"Kiuruvesi";"Kiuruvesi";"Kaupunki";"suomi - ruotsi";9;"Savo-Karjalan vaalipiiri";"Savolax-Karelens valkrets";10;"Pohjois-Savo";"Norra Savolax"
"265";"Kivijärvi";"Kivijärvi";"Kunta";"suomi";11;"Keski-Suomen vaalipiiri";"Mellersta Finlands valkrets";12;"Keski-Suomi";"Mellersta Finland"
"271";"Kokemäki";"Kumo";"Kaupunki";"suomi";4;"Satakunnan vaalipiiri";"Satakunta valkrets";3;"Satakunta";"Satakunta"
"272";"Kokkola";"Karleby";"Kaupunki";"suomi";10;"Vaasan vaalipiiri";"Vasa valkrets";15;"Keski-Pohjanmaa";"Mellersta Österbotten"
"273";"Kolari";"Kolari";"Kunta";"ruotsi - suomi";13;"Lapin vaalipiiri";"Lapplands valkrets";18;"Lappi";"Lappland"
"275";"Konnevesi";"Konnevesi";"Kunta";"suomi";11;"Keski-Suomen vaalipiiri";"Mellersta Finlands valkrets";12;"Keski-Suomi";"Mellersta Finland"
"276";"Kontiolahti";"Kontiolax";"Kunta";"suomi";9;"Savo-Karjalan vaalipiiri";"Savolax-Karelens valkrets";11;"Pohjois-Karjala";"Norra Karelen"
"280";"Korsnäs";"Korsnäs";"Kunta";"suomi";10;"Vaasan vaalipiiri";"Vasa valkrets";14;"Pohjanmaa";"Österbotten"
"284";"Koski Tl";"Koskis";"Kunta";"ruotsi - suomi";3;"Varsinais-Suomen vaalipiiri";"Egentliga Finlands valkrets";2;"Varsinais-Suomi";"Egentliga Finland"
"285";"Kotka";"Kotka";"Kaupunki";"ruotsi - suomi";8;"Kaakkois-Suomen vaalipiiri";"Sydöstra Finlands valkrets";7;"Kymenlaakso";"Kymmenedalen"
"286";"Kouvola";"Kouvola";"Kaupunki";"suomi";8;"Kaakkois-Suomen vaalipiiri";"Sydöstra Finlands valkrets";7;"Kymenlaakso";"Kymmenedalen"
"287";"Kristiinankaupunki";"Kristinestad";"Kaupunki";"suomi";10;"Vaasan vaalipiiri";"Vasa valkrets";14;"Pohjanmaa";"Österbotten"
"288";"Kruunupyy";"Kronoby";"Kunta";"ruotsi";10;"Vaasan vaalipiiri";"Vasa valkrets";14;"Pohjanmaa";"Österbotten"
"290";"Kuhmo";"Kuhmo";"Kaupunki";"suomi";12;"Oulun vaalipiiri";"Uleåborgs valkrets";17;"Kainuu";"Kajanaland"
"291";"Kuhmoinen";"Kuhmois";"Kunta";"suomi";7;"Pirkanmaan vaalipiiri";"Birkalands valkrets";5;"Pirkanmaa";"Birkaland"
"295";"Kumlinge";"Kumlinge";"Kunta";"suomi";5;"Ahvenanmaan maakunnan vaalipiiri";"Landskapet Ålands valkrets";19;"Ahvenanmaa";"Åland"
"297";"Kuopio";"Kuopio";"Kaupunki";"suomi";9;"Savo-Karjalan vaalipiiri";"Savolax-Karelens valkrets";10;"Pohjois-Savo";"Norra Savolax"
"300";"Kuortane";"Kuortane";"Kunta";"suomi";10;"Vaasan vaalipiiri";"Vasa valkrets";13;"Etelä-Pohjanmaa";"Södra Österbotten"
"301";"Kurikka";"Kurikka";"Kaupunki";"suomi";10;"Vaasan vaalipiiri";"Vasa valkrets";13;"Etelä-Pohjanmaa";"Södra Österbotten"
"304";"Kustavi";"Gustavs";"Kunta";"suomi";3;"Varsinais-Suomen vaalipiiri";"Egentliga Finlands valkrets";2;"Varsinais-Suomi";"Egentliga Finland"
"305";"Kuusamo";"Kuusamo";"Kaupunki";"suomi";12;"Oulun vaalipiiri";"Uleåborgs valkrets";16;"Pohjois-Pohjanmaa";"Norra Österbotten"
"309";"Outokumpu";"Outokumpu";"Kaupunki";"suomi";9;"Savo-Karjalan vaalipiiri";"Savolax-Karelens valkrets";11;"Pohjois-Karjala";"Norra Karelen"
"312";"Kyyjärvi";"Kyyjärvi";"Kunta";"ruotsi";11;"Keski-Suomen vaalipiiri";"Mellersta Finlands valkrets";12;"Keski-Suomi";"Mellersta Finland"
"316";"Kärkölä";"Kärkölä";"Kunta";"suomi";6;"Hämeen vaalipiiri";"Tavastlands valkrets";6;"Päijät-Häme";"Päijänne-Tavastland"
"317";"Kärsämäki";"Kärsämäki";"Kunta";"ruotsi - suomi";12;"Oulun vaalipiiri";"Uleåborgs valkrets";16;"Pohjois-Pohjanmaa";"Norra Österbotten"
"318";"Kökar";"Kökar";"Kunta";"suomi";5;"Ahvenanmaan maakunnan vaalipiiri";"Landskapet Ålands valkrets";19;"Ahvenanmaa";"Åland"
"320";"Kemijärvi";"Kemijärvi";"Kaupunki";"suomi";13;"Lapin vaalipiiri";"Lapplands valkrets";18;"Lappi";"Lappland"
"322";"Kemiönsaari";"Kimitoön";"Kunta";"suomi";3;"Varsinais-Suomen vaalipiiri";"Egentliga Finlands valkrets";2;"Varsinais-Suomi";"Egentliga Finland"
"398";"Lahti";"Lahtis";"Kaupunki";"suomi";6;"Hämeen vaalipiiri";"Tavastlands valkrets";6;"Päijät-Häme";"Päijänne-Tavastland"
"399";"Laihia";"Laihela";"Kunta";"suomi";10;"Vaasan vaalipiiri";"Vasa valkrets";14;"Pohjanmaa";"Österbotten"
"400";"Laitila";"Letala";"Kaupunki";"suomi";3;"Varsinais-Suomen vaalipiiri";"Egentliga Finlands valkrets";2;"Varsinais-Suomi";"Egentliga Finland"
"402";"Lapinlahti";"Lapinlahti";"Kunta";"suomi - ruotsi";9;"Savo-Karjalan vaalipiiri";"Savolax-Karelens valkrets";10;"Pohjois-Savo";"Norra Savolax"
"403";"Lappajärvi";"Lappajärvi";"Kunta";"suomi";10;"Vaasan vaalipiiri";"Vasa valkrets";13;"Etelä-Pohjanmaa";"Södra Österbotten"
"405";"Lappeenranta";"Villmanstrand";"Kaupunki";"suomi";8;"Kaakkois-Suomen vaalipiiri";"Sydöstra Finlands valkrets";8;"Etelä-Karjala";"Södra Karelen"
"407";"Lapinjärvi";"Lappträsk";"Kunta";"suomi";2;"Uudenmaan vaalipiiri";"Nylands valkrets";1;"Uusimaa";"Nyland"
"408";"Lapua";"Lappo";"Kaupunki";"ruotsi";10;"Vaasan vaalipiiri";"Vasa valkrets";13;"Etelä-Pohjanmaa";"Södra Österbotten"
"410";"Laukaa";"Laukas";"Kunta";"suomi";11;"Keski-Suomen vaalipiiri";"Mellersta Finlands valkrets";12;"Keski-Suomi";"Mellersta Finland"
"416";"Lemi";"Lemi";"Kunta";"suomi";8;"Kaakkois-Suomen vaalipiiri";"Sydöstra Finlands valkrets";8;"Etelä-Karjala";"Södra Karelen"
"417";"Lemland";"Lemland";"Kunta";"suomi";5;"Ahvenanmaan maakunnan vaalipiiri";"Landskapet Ålands valkrets";19;"Ahvenanmaa";"Åland"
"418";"Lempäälä";"Lempäälä";"Kunta";"suomi";7;"Pirkanmaan vaalipiiri";"Birkalands valkrets";5;"Pirkanmaa";"Birkaland"
"420";"Leppävirta";"Leppävirta";"Kunta";"suomi";9;"Savo-Karjalan vaalipiiri";"Savolax-Karelens valkrets";10;"Pohjois-Savo";"Norra Savolax"
"421";"Lestijärvi";"Lestijärvi";"Kunta";"suomi";10;"Vaasan vaalipiiri";"Vasa valkrets";15;"Keski-Pohjanmaa";"Mellersta Österbotten"
"422";"Lieksa";"Lieksa";"Kaupunki";"suomi";9;"Savo-Karjalan vaalipiiri";"Savolax-Karelens valkrets";11;"Pohjois-Karjala";"Norra Karelen"
"423";"Lieto";"Lundo";"Kunta";"suomi";3;"Varsinais-Suomen vaalipiiri";"Egentliga Finlands valkrets";2;"Varsinais-Suomi";"Egentliga Finland"
"425";"Liminka";"Limingo";"Kunta";"suomi";12;"Oulun vaalipiiri";"Uleåborgs valkrets";16;"Pohjois-Pohjanmaa";"Norra Österbotten"
"426";"Liperi";"Libelits";"Kunta";"suomi - ruotsi";9;"Savo-Karjalan vaalipiiri";"Savolax-Karelens valkrets";11;"Pohjois-Karjala";"Norra Karelen"
"430";"Loimaa";"Loimaa";"Kaupunki";"suomi";3;"Varsinais-Suomen vaalipiiri";"Egentliga Finlands valkrets";2;"Varsinais-Suomi";"Egentliga Finland"
"433";"Loppi";"Loppi";"Kunta";"suomi";6;"Hämeen vaalipiiri";"Tavastlands valkrets";4;"Kanta-Häme";"Egentliga Tavastland"
"434";"Loviisa";"Lovisa";"Kaupunki";"ruotsi";2;"Uudenmaan vaalipiiri";"Nylands valkrets";1;"Uusimaa";"Nyland"
"435";"Luhanka";"Luhanka";"Kunta";"ruotsi - suomi";11;"Keski-Suomen vaalipiiri";"Mellersta Finlands valkrets";12;"Keski-Suomi";"Mellersta Finland"
"436";"Lumijoki";"Lumijoki";"Kunta";"suomi";12;"Oulun vaalipiiri";"Uleåborgs valkrets";16;"Pohjois-Pohjanmaa";"Norra Österbotten"
"438";"Lumparland";"Lumparland";"Kunta";"suomi";5;"Ahvenanmaan maakunnan vaalipiiri";"Landskapet Ålands valkrets";19;"Ahvenanmaa";"Åland"
"440";"Luoto";"Larsmo";"Kunta";"suomi - ruotsi";10;"Vaasan vaalipiiri";"Vasa valkrets";14;"Pohjanmaa";"Österbotten"
"441";"Luumäki";"Luumäki";"Kunta";"ruotsi - suomi";8;"Kaakkois-Suomen vaalipiiri";"Sydöstra Finlands valkrets";8;"Etelä-Karjala";"Södra Karelen"
"444";"Lohja";"Lojo";"Kaupunki";"ruotsi - suomi";2;"Uudenmaan vaalipiiri";"Nylands valkrets";1;"Uusimaa";"Nyland"
"445";"Parainen";"Pargas";"Kaupunki";"ruotsi";3;"Varsinais-Suomen vaalipiiri";"Egentliga Finlands valkrets";2;"Varsinais-Suomi";"Egentliga Finland"
"475";"Maalahti";"Malax";"Kunta";"suomi";10;"Vaasan vaalipiiri";"Vasa valkrets";14;"Pohjanmaa";"Österbotten"
"478";"Maarianhamina";"Mariehamn";"Kaupunki";"suomi";5;"Ahvenanmaan maakunnan vaalipiiri";"Landskapet Ålands valkrets";19;"Ahvenanmaa";"Åland"
"480";"Marttila";"S:t Mårtens";"Kunta";"suomi";3;"Varsinais-Suomen vaalipiiri";"Egentliga Finlands valkrets";2;"Varsinais-Suomi";"Egentliga Finland"
"481";"Masku";"Masku";"Kunta";"suomi";3;"Varsinais-Suomen vaalipiiri";"Egentliga Finlands valkrets";2;"Varsinais-Suomi";"Egentliga Finland"
"483";"Merijärvi";"Merijärvi";"Kunta";"suomi";12;"Oulun vaalipiiri";"Uleåborgs valkrets";16;"Pohjois-Pohjanmaa";"Norra Österbotten"
"484";"Merikarvia";"Sastmola";"Kunta";"suomi";4;"Satakunnan vaalipiiri";"Satakunta valkrets";3;"Satakunta";"Satakunta"
"489";"Miehikkälä";"Miehikkälä";"Kunta";"suomi";8;"Kaakkois-Suomen vaalipiiri";"Sydöstra Finlands valkrets";7;"Kymenlaakso";"Kymmenedalen"
"491";"Mikkeli";"S:t Michel";"Kaupunki";"suomi";8;"Kaakkois-Suomen vaalipiiri";"Sydöstra Finlands valkrets";9;"Etelä-Savo";"Södra Savolax"
"494";"Muhos";"Muhos";"Kunta";"suomi";12;"Oulun vaalipiiri";"Uleåborgs valkrets";16;"Pohjois-Pohjanmaa";"Norra Österbotten"
"495";"Multia";"Multia";"Kunta";"ruotsi - suomi";11;"Keski-Suomen vaalipiiri";"Mellersta Finlands valkrets";12;"Keski-Suomi";"Mellersta Finland"
"498";"Muonio";"Muonio";"Kunta";"suomi";13;"Lapin vaalipiiri";"Lapplands valkrets";18;"Lappi";"Lappland"
"499";"Mustasaari";"Korsholm";"Kunta";"suomi";10;"Vaasan vaalipiiri";"Vasa valkrets";14;"Pohjanmaa";"Österbotten"
"500";"Muurame";"Muurame";"Kunta";"suomi - ruotsi";11;"Keski-Suomen vaalipiiri";"Mellersta Finlands valkrets";12;"Keski-Suomi";"Mellersta Finland"
"503";"Mynämäki";"Virmo";"Kunta";"suomi";3;"Varsinais-Suomen vaalipiiri";"Egentliga Finlands valkrets";2;"Varsinais-Suomi";"Egentliga Finland"
"504";"Myrskylä";"Mörskom";"Kunta";"suomi";2;"Uudenmaan vaalipiiri";"Nylands valkrets";1;"Uusimaa";"Nyland"
"505";"Mäntsälä";"Mäntsälä";"Kunta";"suomi";2;"Uudenmaan vaalipiiri";"Nylands valkrets";1;"Uusimaa";"Nyland"
"507";"Mäntyharju";"Mäntyharju";"Kunta";"suomi";8;"Kaakkois-Suomen vaalipiiri";"Sydöstra Finlands valkrets";9;"Etelä-Savo";"Södra Savolax"
"508";"Mänttä-Vilppula";"Mänttä-Vilppula";"Kaupunki";"suomi";7;"Pirkanmaan vaalipiiri";"Birkalands valkrets";5;"Pirkanmaa";"Birkaland"
"529";"Naantali";"Nådendal";"Kaupunki";"suomi";3;"Varsinais-Suomen vaalipiiri";"Egentliga Finlands valkrets";2;"Varsinais-Suomi";"Egentliga Finland"
"531";"Nakkila";"Nakkila";"Kunta";"suomi";4;"Satakunnan vaalipiiri";"Satakunta valkrets";3;"Satakunta";"Satakunta"
"535";"Nivala";"Nivala";"Kaupunki";"suomi";12;"Oulun vaalipiiri";"Uleåborgs valkrets";16;"Pohjois-Pohjanmaa";"Norra Österbotten"
"536";"Nokia";"Nokia";"Kaupunki";"suomi";7;"Pirkanmaan vaalipiiri";"Birkalands valkrets";5;"Pirkanmaa";"Birkaland"
"538";"Nousiainen";"Nousis";"Kunta";"suomi";3;"Varsinais-Suomen vaalipiiri";"Egentliga Finlands valkrets";2;"Varsinais-Suomi";"Egentliga Finland"
"541";"Nurmes";"Nurmes";"Kaupunki";"ruotsi";9;"Savo-Karjalan vaalipiiri";"Savolax-Karelens valkrets";11;"Pohjois-Karjala";"Norra Karelen"
"543";"Nurmijärvi";"Nurmijärvi";"Kunta";"suomi";2;"Uudenmaan vaalipiiri";"Nylands valkrets";1;"Uusimaa";"Nyland"
"545";"Närpiö";"Närpes";"Kaupunki";"suomi";10;"Vaasan vaalipiiri";"Vasa valkrets";14;"Pohjanmaa";"Österbotten"
"560";"Orimattila";"Orimattila";"Kaupunki";"suomi";6;"Hämeen vaalipiiri";"Tavastlands valkrets";6;"Päijät-Häme";"Päijänne-Tavastland"
"561";"Oripää";"Oripää";"Kunta";"suomi";3;"Varsinais-Suomen vaalipiiri";"Egentliga Finlands valkrets";2;"Varsinais-Suomi";"Egentliga Finland"
"562";"Orivesi";"Orivesi";"Kaupunki";"suomi";7;"Pirkanmaan vaalipiiri";"Birkalands valkrets";5;"Pirkanmaa";"Birkaland"
"563";"Oulainen";"Oulainen";"Kaupunki";"suomi";12;"Oulun vaalipiiri";"Uleåborgs valkrets";16;"Pohjois-Pohjanmaa";"Norra Österbotten"
"564";"Oulu";"Uleåborg";"Kaupunki";"suomi";12;"Oulun vaalipiiri";"Uleåborgs valkrets";16;"Pohjois-Pohjanmaa";"Norra Österbotten"
"576";"Padasjoki";"Padasjoki";"Kunta";"suomi";6;"Hämeen vaalipiiri";"Tavastlands valkrets";6;"Päijät-Häme";"Päijänne-Tavastland"
"577";"Paimio";"Pemar";"Kaupunki";"suomi";3;"Varsinais-Suomen vaalipiiri";"Egentliga Finlands valkrets";2;"Varsinais-Suomi";"Egentliga Finland"
"578";"Paltamo";"Paltamo";"Kunta";"suomi";12;"Oulun vaalipiiri";"Uleåborgs valkrets";17;"Kainuu";"Kajanaland"
"580";"Parikkala";"Parikkala";"Kunta";"suomi";8;"Kaakkois-Suomen vaalipiiri";"Sydöstra Finlands valkrets";8;"Etelä-Karjala";"Södra Karelen"
"581";"Parkano";"Parkano";"Kaupunki";"suomi";7;"Pirkanmaan vaalipiiri";"Birkalands valkrets";5;"Pirkanmaa";"Birkaland"
"583";"Pelkosenniemi";"Pelkosenniemi";"Kunta";"suomi";13;"Lapin vaalipiiri";"Lapplands valkrets";18;"Lappi";"Lappland"
"584";"Perho";"Perho";"Kunta";"suomi";10;"Vaasan vaalipiiri";"Vasa valkrets";15;"Keski-Pohjanmaa";"Mellersta Österbotten"
"588";"Pertunmaa";"Pertunmaa";"Kunta";"suomi";8;"Kaakkois-Suomen vaalipiiri";"Sydöstra Finlands valkrets";9;"Etelä-Savo";"Södra Savolax"
"592";"Petäjävesi";"Petäjävesi";"Kunta";"suomi";11;"Keski-Suomen vaalipiiri";"Mellersta Finlands valkrets";12;"Keski-Suomi";"Mellersta Finland"
"593";"Pieksämäki";"Pieksämäki";"Kaupunki";"ruotsi - suomi";8;"Kaakkois-Suomen vaalipiiri";"Sydöstra Finlands valkrets";9;"Etelä-Savo";"Södra Savolax"
"595";"Pielavesi";"Pielavesi";"Kunta";"ruotsi - suomi";9;"Savo-Karjalan vaalipiiri";"Savolax-Karelens valkrets";10;"Pohjois-Savo";"Norra Savolax"
"598";"Pietarsaari";"Jakobstad";"Kaupunki";"suomi";10;"Vaasan vaalipiiri";"Vasa valkrets";14;"Pohjanmaa";"Österbotten"
"599";"Pedersören kunta";"Pedersöre";"Kunta";"suomi";10;"Vaasan vaalipiiri";"Vasa valkrets";14;"Pohjanmaa";"Österbotten"
"601";"Pihtipudas";"Pihtipudas";"Kunta";"suomi";11;"Keski-Suomen vaalipiiri";"Mellersta Finlands valkrets";12;"Keski-Suomi";"Mellersta Finland"
"604";"Pirkkala";"Birkala";"Kunta";"suomi";7;"Pirkanmaan vaalipiiri";"Birkalands valkrets";5;"Pirkanmaa";"Birkaland"
"607";"Polvijärvi";"Polvijärvi";"Kunta";"suomi";9;"Savo-Karjalan vaalipiiri";"Savolax-Karelens valkrets";11;"Pohjois-Karjala";"Norra Karelen"
"608";"Pomarkku";"Påmark";"Kunta";"suomi";4;"Satakunnan vaalipiiri";"Satakunta valkrets";3;"Satakunta";"Satakunta"
"609";"Pori";"Björneborg";"Kaupunki";"suomi";4;"Satakunnan vaalipiiri";"Satakunta valkrets";3;"Satakunta";"Satakunta"
"611";"Pornainen";"Borgnäs";"Kunta";"suomi";2;"Uudenmaan vaalipiiri";"Nylands valkrets";1;"Uusimaa";"Nyland"
"614";"Posio";"Posio";"Kunta";"suomi";13;"Lapin vaalipiiri";"Lapplands valkrets";18;"Lappi";"Lappland"
"615";"Pudasjärvi";"Pudasjärvi";"Kaupunki";"suomi";12;"Oulun vaalipiiri";"Uleåborgs valkrets";16;"Pohjois-Pohjanmaa";"Norra Österbotten"
"616";"Pukkila";"Pukkila";"Kunta";"suomi";2;"Uudenmaan vaalipiiri";"Nylands valkrets";1;"Uusimaa";"Nyland"
"619";"Punkalaidun";"Punkalaidun";"Kunta";"suomi";7;"Pirkanmaan vaalipiiri";"Birkalands valkrets";5;"Pirkanmaa";"Birkaland"
"620";"Puolanka";"Puolanka";"Kunta";"suomi - ruotsi";12;"Oulun vaalipiiri";"Uleåborgs valkrets";17;"Kainuu";"Kajanaland"
"623";"Puumala";"Puumala";"Kunta";"suomi";8;"Kaakkois-Suomen vaalipiiri";"Sydöstra Finlands valkrets";9;"Etelä-Savo";"Södra Savolax"
"624";"Pyhtää";"Pyttis";"Kunta";"suomi";8;"Kaakkois-Suomen vaalipiiri";"Sydöstra Finlands valkrets";7;"Kymenlaakso";"Kymmenedalen"
"625";"Pyhäjoki";"Pyhäjoki";"Kunta";"suomi";12;"Oulun vaalipiiri";"Uleåborgs valkrets";16;"Pohjois-Pohjanmaa";"Norra Österbotten"
"626";"Pyhäjärvi";"Pyhäjärvi";"Kaupunki";"suomi";12;"Oulun vaalipiiri";"Uleåborgs valkrets";16;"Pohjois-Pohjanmaa";"Norra Österbotten"
"630";"Pyhäntä";"Pyhäntä";"Kunta";"suomi";12;"Oulun vaalipiiri";"Uleåborgs valkrets";16;"Pohjois-Pohjanmaa";"Norra Österbotten"
"631";"Pyhäranta";"Pyhäranta";"Kunta";"suomi";3;"Varsinais-Suomen vaalipiiri";"Egentliga Finlands valkrets";2;"Varsinais-Suomi";"Egentliga Finland"
"635";"Pälkäne";"Pälkäne";"Kunta";"suomi - ruotsi";7;"Pirkanmaan vaalipiiri";"Birkalands valkrets";5;"Pirkanmaa";"Birkaland"
"636";"Pöytyä";"Pöytyä";"Kunta";"suomi";3;"Varsinais-Suomen vaalipiiri";"Egentliga Finlands valkrets";2;"Varsinais-Suomi";"Egentliga Finland"
"638";"Porvoo";"Borgå";"Kaupunki";"suomi";2;"Uudenmaan vaalipiiri";"Nylands valkrets";1;"Uusimaa";"Nyland"
"678";"Raahe";"Brahestad";"Kaupunki";"suomi";12;"Oulun vaalipiiri";"Uleåborgs valkrets";16;"Pohjois-Pohjanmaa";"Norra Österbotten"
"680";"Raisio";"Reso";"Kaupunki";"suomi";3;"Varsinais-Suomen vaalipiiri";"Egentliga Finlands valkrets";2;"Varsinais-Suomi";"Egentliga Finland"
"681";"Rantasalmi";"Rantasalmi";"Kunta";"suomi";8;"Kaakkois-Suomen vaalipiiri";"Sydöstra Finlands valkrets";9;"Etelä-Savo";"Södra Savolax"
"683";"Ranua";"Ranua";"Kunta";"suomi";13;"Lapin vaalipiiri";"Lapplands valkrets";18;"Lappi";"Lappland"
"684";"Rauma";"Raumo";"Kaupunki";"suomi";4;"Satakunnan vaalipiiri";"Satakunta valkrets";3;"Satakunta";"Satakunta"
"686";"Rautalampi";"Rautalampi";"Kunta";"suomi";9;"Savo-Karjalan vaalipiiri";"Savolax-Karelens valkrets";10;"Pohjois-Savo";"Norra Savolax"
"687";"Rautavaara";"Rautavaara";"Kunta";"suomi";9;"Savo-Karjalan vaalipiiri";"Savolax-Karelens valkrets";10;"Pohjois-Savo";"Norra Savolax"
"689";"Rautjärvi";"Rautjärvi";"Kunta";"suomi";8;"Kaakkois-Suomen vaalipiiri";"Sydöstra Finlands valkrets";8;"Etelä-Karjala";"Södra Karelen"
"691";"Reisjärvi";"Reisjärvi";"Kunta";"suomi";12;"Oulun vaalipiiri";"Uleåborgs valkrets";16;"Pohjois-Pohjanmaa";"Norra Österbotten"
"694";"Riihimäki";"Riihimäki";"Kaupunki";"suomi";6;"Hämeen vaalipiiri";"Tavastlands valkrets";4;"Kanta-Häme";"Egentliga Tavastland"
"697";"Ristijärvi";"Ristijärvi";"Kunta";"suomi";12;"Oulun vaalipiiri";"Uleåborgs valkrets";17;"Kainuu";"Kajanaland"
"698";"Rovaniemi";"Rovaniemi";"Kaupunki";"suomi";13;"Lapin vaalipiiri";"Lapplands valkrets";18;"Lappi";"Lappland"
"700";"Ruokolahti";"Ruokolax";"Kunta";"suomi";8;"Kaakkois-Suomen vaalipiiri";"Sydöstra Finlands valkrets";8;"Etelä-Karjala";"Södra Karelen"
"702";"Ruovesi";"Ruovesi";"Kunta";"suomi";7;"Pirkanmaan vaalipiiri";"Birkalands valkrets";5;"Pirkanmaa";"Birkaland"
"704";"Rusko";"Rusko";"Kunta";"ruotsi - suomi";3;"Varsinais-Suomen vaalipiiri";"Egentliga Finlands valkrets";2;"Varsinais-Suomi";"Egentliga Finland"
"707";"Rääkkylä";"Rääkkylä";"Kunta";"suomi";9;"Savo-Karjalan vaalipiiri";"Savolax-Karelens valkrets";11;"Pohjois-Karjala";"Norra Karelen"
"710";"Raasepori";"Raseborg";"Kaupunki";"suomi";2;"Uudenmaan vaalipiiri";"Nylands valkrets";1;"Uusimaa";"Nyland"
"729";"Saarijärvi";"Saarijärvi";"Kaupunki";"suomi";11;"Keski-Suomen vaalipiiri";"Mellersta Finlands valkrets";12;"Keski-Suomi";"Mellersta Finland"
"732";"Salla";"Salla";"Kunta";"ruotsi";13;"Lapin vaalipiiri";"Lapplands valkrets";18;"Lappi";"Lappland"
"734";"Salo";"Salo";"Kaupunki";"suomi";3;"Varsinais-Suomen vaalipiiri";"Egentliga Finlands valkrets";2;"Varsinais-Suomi";"Egentliga Finland"
"736";"Saltvik";"Saltvik";"Kunta";"suomi";5;"Ahvenanmaan maakunnan vaalipiiri";"Landskapet Ålands valkrets";19;"Ahvenanmaa";"Åland"
"738";"Sauvo";"Sagu";"Kunta";"suomi";3;"Varsinais-Suomen vaalipiiri";"Egentliga Finlands valkrets";2;"Varsinais-Suomi";"Egentliga Finland"
"739";"Savitaipale";"Savitaipale";"Kunta";"suomi";8;"Kaakkois-Suomen vaalipiiri";"Sydöstra Finlands valkrets";8;"Etelä-Karjala";"Södra Karelen"
"740";"Savonlinna";"Nyslott";"Kaupunki";"suomi";8;"Kaakkois-Suomen vaalipiiri";"Sydöstra Finlands valkrets";9;"Etelä-Savo";"Södra Savolax"
"742";"Savukoski";"Savukoski";"Kunta";"suomi";13;"Lapin vaalipiiri";"Lapplands valkrets";18;"Lappi";"Lappland"
"743";"Seinäjoki";"Seinäjoki";"Kaupunki";"suomi";10;"Vaasan vaalipiiri";"Vasa valkrets";13;"Etelä-Pohjanmaa";"Södra Österbotten"
"746";"Sievi";"Sievi";"Kunta";"suomi";12;"Oulun vaalipiiri";"Uleåborgs valkrets";16;"Pohjois-Pohjanmaa";"Norra Österbotten"
"747";"Siikainen";"Siikais";"Kunta";"suomi";4;"Satakunnan vaalipiiri";"Satakunta valkrets";3;"Satakunta";"Satakunta"
"748";"Siikajoki";"Siikajoki";"Kunta";"suomi";12;"Oulun vaalipiiri";"Uleåborgs valkrets";16;"Pohjois-Pohjanmaa";"Norra Österbotten"
"749";"Siilinjärvi";"Siilinjärvi";"Kunta";"suomi - ruotsi";9;"Savo-Karjalan vaalipiiri";"Savolax-Karelens valkrets";10;"Pohjois-Savo";"Norra Savolax"
"751";"Simo";"Simo";"Kunta";"suomi - ruotsi";13;"Lapin vaalipiiri";"Lapplands valkrets";18;"Lappi";"Lappland"
"753";"Sipoo";"Sibbo";"Kunta";"suomi";2;"Uudenmaan vaalipiiri";"Nylands valkrets";1;"Uusimaa";"Nyland"
"755";"Siuntio";"Sjundeå";"Kunta";"suomi";2;"Uudenmaan vaalipiiri";"Nylands valkrets";1;"Uusimaa";"Nyland"
"758";"Sodankylä";"Sodankylä";"Kunta";"suomi";13;"Lapin vaalipiiri";"Lapplands valkrets";18;"Lappi";"Lappland"
"759";"Soini";"Soini";"Kunta";"suomi";10;"Vaasan vaalipiiri";"Vasa valkrets";13;"Etelä-Pohjanmaa";"Södra Österbotten"
"761";"Somero";"Somero";"Kaupunki";"suomi";3;"Varsinais-Suomen vaalipiiri";"Egentliga Finlands valkrets";2;"Varsinais-Suomi";"Egentliga Finland"
"762";"Sonkajärvi";"Sonkajärvi";"Kunta";"ruotsi";9;"Savo-Karjalan vaalipiiri";"Savolax-Karelens valkrets";10;"Pohjois-Savo";"Norra Savolax"
"765";"Sotkamo";"Sotkamo";"Kunta";"suomi";12;"Oulun vaalipiiri";"Uleåborgs valkrets";17;"Kainuu";"Kajanaland"
"766";"Sottunga";"Sottunga";"Kunta";"ruotsi";5;"Ahvenanmaan maakunnan vaalipiiri";"Landskapet Ålands valkrets";19;"Ahvenanmaa";"Åland"
"768";"Sulkava";"Sulkava";"Kunta";"suomi";8;"Kaakkois-Suomen vaalipiiri";"Sydöstra Finlands valkrets";9;"Etelä-Savo";"Södra Savolax"
"771";"Sund";"Sund";"Kunta";"suomi";5;"Ahvenanmaan maakunnan vaalipiiri";"Landskapet Ålands valkrets";19;"Ahvenanmaa";"Åland"
"777";"Suomussalmi";"Suomussalmi";"Kunta";"suomi";12;"Oulun vaalipiiri";"Uleåborgs valkrets";17;"Kainuu";"Kajanaland"
"778";"Suonenjoki";"Suonenjoki";"Kaupunki";"suomi";9;"Savo-Karjalan vaalipiiri";"Savolax-Karelens valkrets";10;"Pohjois-Savo";"Norra Savolax"
"781";"Sysmä";"Sysmä";"Kunta";"suomi";6;"Hämeen vaalipiiri";"Tavastlands valkrets";6;"Päijät-Häme";"Päijänne-Tavastland"
"783";"Säkylä";"Säkylä";"Kunta";"suomi";4;"Satakunnan vaalipiiri";"Satakunta valkrets";3;"Satakunta";"Satakunta"
"785";"Vaala";"Vaala";"Kunta";"suomi";12;"Oulun vaalipiiri";"Uleåborgs valkrets";16;"Pohjois-Pohjanmaa";"Norra Österbotten"
"790";"Sastamala";"Sastamala";"Kaupunki";"suomi";7;"Pirkanmaan vaalipiiri";"Birkalands valkrets";5;"Pirkanmaa";"Birkaland"
"791";"Siikalatva";"Siikalatva";"Kunta";"suomi";12;"Oulun vaalipiiri";"Uleåborgs valkrets";16;"Pohjois-Pohjanmaa";"Norra Österbotten"
"831";"Taipalsaari";"Taipalsaari";"Kunta";"suomi";8;"Kaakkois-Suomen vaalipiiri";"Sydöstra Finlands valkrets";8;"Etelä-Karjala";"Södra Karelen"
"832";"Taivalkoski";"Taivalkoski";"Kunta";"suomi";12;"Oulun vaalipiiri";"Uleåborgs valkrets";16;"Pohjois-Pohjanmaa";"Norra Österbotten"
"833";"Taivassalo";"Tövsala";"Kunta";"suomi";3;"Varsinais-Suomen vaalipiiri";"Egentliga Finlands valkrets";2;"Varsinais-Suomi";"Egentliga Finland"
"834";"Tammela";"Tammela";"Kunta";"suomi";6;"Hämeen vaalipiiri";"Tavastlands valkrets";4;"Kanta-Häme";"Egentliga Tavastland"
"837";"Tampere";"Tammerfors";"Kaupunki";"suomi";7;"Pirkanmaan vaalipiiri";"Birkalands valkrets";5;"Pirkanmaa";"Birkaland"
"844";"Tervo";"Tervo";"Kunta";"suomi";9;"Savo-Karjalan vaalipiiri";"Savolax-Karelens valkrets";10;"Pohjois-Savo";"Norra Savolax"
"845";"Tervola";"Tervola";"Kunta";"suomi";13;"Lapin vaalipiiri";"Lapplands valkrets";18;"Lappi";"Lappland"
"846";"Teuva";"Östermark";"Kunta";"suomi";10;"Vaasan vaalipiiri";"Vasa valkrets";13;"Etelä-Pohjanmaa";"Södra Österbotten"
"848";"Tohmajärvi";"Tohmajärvi";"Kunta";"suomi";9;"Savo-Karjalan vaalipiiri";"Savolax-Karelens valkrets";11;"Pohjois-Karjala";"Norra Karelen"
"849";"Toholampi";"Toholampi";"Kunta";"suomi";10;"Vaasan vaalipiiri";"Vasa valkrets";15;"Keski-Pohjanmaa";"Mellersta Österbotten"
"850";"Toivakka";"Toivakka";"Kunta";"suomi - ruotsi";11;"Keski-Suomen vaalipiiri";"Mellersta Finlands valkrets";12;"Keski-Suomi";"Mellersta Finland"
"851";"Tornio";"Torneå";"Kaupunki";"suomi";13;"Lapin vaalipiiri";"Lapplands valkrets";18;"Lappi";"Lappland"
"853";"Turku";"Åbo";"Kaupunki";"suomi";3;"Varsinais-Suomen vaalipiiri";"Egentliga Finlands valkrets";2;"Varsinais-Suomi";"Egentliga Finland"
"854";"Pello";"Pello";"Kunta";"suomi";13;"Lapin vaalipiiri";"Lapplands valkrets";18;"Lappi";"Lappland"
"857";"Tuusniemi";"Tuusniemi";"Kunta";"suomi";9;"Savo-Karjalan vaalipiiri";"Savolax-Karelens valkrets";10;"Pohjois-Savo";"Norra Savolax"
"858";"Tuusula";"Tusby";"Kunta";"suomi";2;"Uudenmaan vaalipiiri";"Nylands valkrets";1;"Uusimaa";"Nyland"
"859";"Tyrnävä";"Tyrnävä";"Kunta";"suomi";12;"Oulun vaalipiiri";"Uleåborgs valkrets";16;"Pohjois-Pohjanmaa";"Norra Österbotten"
"886";"Ulvila";"Ulvsby";"Kaupunki";"suomi";4;"Satakunnan vaalipiiri";"Satakunta valkrets";3;"Satakunta";"Satakunta"
"887";"Urjala";"Urjala";"Kunta";"suomi";7;"Pirkanmaan vaalipiiri";"Birkalands valkrets";5;"Pirkanmaa";"Birkaland"
"889";"Utajärvi";"Utajärvi";"Kunta";"suomi";12;"Oulun vaalipiiri";"Uleåborgs valkrets";16;"Pohjois-Pohjanmaa";"Norra Österbotten"
"890";"Utsjoki";"Utsjoki";"Kunta";"ruotsi - suomi";13;"Lapin vaalipiiri";"Lapplands valkrets";18;"Lappi";"Lappland"
"892";"Uurainen";"Uurainen";"Kunta";"suomi";11;"Keski-Suomen vaalipiiri";"Mellersta Finlands valkrets";12;"Keski-Suomi";"Mellersta Finland"
"893";"Uusikaarlepyy";"Nykarleby";"Kaupunki";"suomi - ruotsi";10;"Vaasan vaalipiiri";"Vasa valkrets";14;"Pohjanmaa";"Österbotten"
"895";"Uusikaupunki";"Nystad";"Kaupunki";"suomi";3;"Varsinais-Suomen vaalipiiri";"Egentliga Finlands valkrets";2;"Varsinais-Suomi";"Egentliga Finland"
"905";"Vaasa";"Vasa";"Kaupunki";"suomi";10;"Vaasan vaalipiiri";"Vasa valkrets";14;"Pohjanmaa";"Österbotten"
"908";"Valkeakoski";"Valkeakoski";"Kaupunki";"suomi";7;"Pirkanmaan vaalipiiri";"Birkalands valkrets";5;"Pirkanmaa";"Birkaland"
"915";"Varkaus";"Varkaus";"Kaupunki";"suomi";9;"Savo-Karjalan vaalipiiri";"Savolax-Karelens valkrets";10;"Pohjois-Savo";"Norra Savolax"
"918";"Vehmaa";"Vemo";"Kunta";"suomi";3;"Varsinais-Suomen vaalipiiri";"Egentliga Finlands valkrets";2;"Varsinais-Suomi";"Egentliga Finland"
"921";"Vesanto";"Vesanto";"Kunta";"suomi";9;"Savo-Karjalan vaalipiiri";"Savolax-Karelens valkrets";10;"Pohjois-Savo";"Norra Savolax"
"922";"Vesilahti";"Vesilahti";"Kunta";"suomi";7;"Pirkanmaan vaalipiiri";"Birkalands valkrets";5;"Pirkanmaa";"Birkaland"
"924";"Veteli";"Vetil";"Kunta";"suomi";10;"Vaasan vaalipiiri";"Vasa valkrets";15;"Keski-Pohjanmaa";"Mellersta Österbotten"
"925";"Vieremä";"Vieremä";"Kunta";"suomi";9;"Savo-Karjalan vaalipiiri";"Savolax-Karelens valkrets";10;"Pohjois-Savo";"Norra Savolax"
"927";"Vihti";"Vichtis";"Kunta";"suomi";2;"Uudenmaan vaalipiiri";"Nylands valkrets";1;"Uusimaa";"Nyland"
"931";"Viitasaari";"Viitasaari";"Kaupunki";"suomi";11;"Keski-Suomen vaalipiiri";"Mellersta Finlands valkrets";12;"Keski-Suomi";"Mellersta Finland"
"934";"Vimpeli";"Vindala";"Kunta";"suomi";10;"Vaasan vaalipiiri";"Vasa valkrets";13;"Etelä-Pohjanmaa";"Södra Österbotten"
"935";"Virolahti";"Vederlax";"Kunta";"ruotsi";8;"Kaakkois-Suomen vaalipiiri";"Sydöstra Finlands valkrets";7;"Kymenlaakso";"Kymmenedalen"
"936";"Virrat";"Virdois";"Kaupunki";"ruotsi - suomi";7;"Pirkanmaan vaalipiiri";"Birkalands valkrets";5;"Pirkanmaa";"Birkaland"
"941";"Vårdö";"Vårdö";"Kunta";"suomi";5;"Ahvenanmaan maakunnan vaalipiiri";"Landskapet Ålands valkrets";19;"Ahvenanmaa";"Åland"
"946";"Vöyri";"Vörå";"Kunta";"suomi";10;"Vaasan vaalipiiri";"Vasa valkrets";14;"Pohjanmaa";"Österbotten"
"976";"Ylitornio";"Övertorneå";"Kunta";"suomi";13;"Lapin vaalipiiri";"Lapplands valkrets";18;"Lappi";"Lappland"
"977";"Ylivieska";"Ylivieska";"Kaupunki";"suomi";12;"Oulun vaalipiiri";"Uleåborgs valkrets";16;"Pohjois-Pohjanmaa";"Norra Österbotten"
"980";"Ylöjärvi";"Ylöjärvi";"Kaupunki";"suomi";7;"Pirkanmaan vaalipiiri";"Birkalands valkrets";5;"Pirkanmaa";"Birkaland"
"981";"Ypäjä";"Ypäjä";"Kunta";"suomi";6;"Hämeen vaalipiiri";"Tavastlands valkrets";4;"Kanta-Häme";"Egentliga Tavastland"
"989";"Ähtäri";"Etseri";"Kaupunki";"suomi";10;"Vaasan vaalipiiri";"Vasa valkrets";13;"Etelä-Pohjanmaa";"Södra Österbotten"
"992";"Äänekoski";"Äänekoski";"Kaupunki";"suomi";11;"Keski-Suomen vaalipiiri";"Mellersta Finlands valkrets";12;"Keski-Suomi";"Mellersta Finland"
